﻿<skin version="1.0" name="小东皮皮_全屏版" url="http://bbs.cenfun.com/" author="小东" email="842633334@qq.com" readme="CMP4皮肤" mask_color="" preview="preview.jpg">
	<option xywh="5, -18c, 200, 50b" src="dian.png" mask="" lock="1" display="0" group="D">
		<pane xywh="0, 13, 100P, 100P" align="center" font="Verdana" size="12" color="#ABD5FD, #0072FF"/>
		<scrollbar thumb_src="scrollbar_thumb.png" button_src="scrollbar_button.png" track_src=""/>
		<bt_close xywh="1, 1, 0, 0" src=""/>
	</option>
	<list xywh="5R, -18c, 300, 50b" src="bg.png" mask="" lock="1" display="1" group="B">
		<tree xywh="2R, 2R, 295, 100P" align="left" font="Verdana" size="12" color="#ABD5FD, #0072FF"/>
		<scrollbar thumb_src="scrollbar_thumb.png" button_src="scrollbar_button.png" track_src=""/>
		<icons bullet="" opened="" closed=""/>
		<bt_close xywh="-8R, -30C, 15, 70" src="btnclose.png" tips="关闭列表"/>
		<event type="open" target="option" property="display" value="0"/>
		<event type="open" target="lrc" property="display" value="1"/>
		<event type="open" target="media" property="xywh" value="0C, -18C, 4b, 50b"/>
		<event type="close" target="lrc" property="display" value="1"/>
		<event type="close" target="media" property="xywh" value="0C, -18C, 4b, 50B"/>
	</list>
	<lrc xywh="102C, 100R, 104B, 58" src="" mask="" lock="1" display="1" group="C">
		<text xywh="0, 0, 65P, 100P" align="center" font="Verdana" size="12" color="#ABD5FD, #0072FF" max_button="1"/>
		<bt_close xywh="0, 0, 1, 1" src=""/>
	</lrc>
	<media xywh="0C, -18C, 4b, 50b" src="dian.png" mask="" lock="1" display="1" group="">
		<video xywh="0r, 0r, 100P, 100P"/>
		<bt_close xywh="0, 0, 1, 1" src=""/>
	</media>

	<console xywh="0C, 0C, 100P, 100p" src="beijing.png" mask="" lock="1" display="1" group="A">
		<bt_play xywh="0b, -11R, 54, 57" src="btnplay.png"/>
		<bt_stop xywh="50b, -1R, 38, 40" src="btnstop.png"/>
		<bt_prev xywh="85b, -1R, 38, 40" src="btnprev.png"/>
		<bt_next xywh="120b, -1R, 38, 40" src="btnnext.png"/>
		<bt_random xywh="1, 1, 1, 1" src=""/>
		<bt_repeat xywh="1, 1, 1, 1" src=""/>
		<bt_mute xywh="157b, 5r, 23, 25" src="sound.png"/>
		<volume xywh="179b, 16R, 60, 3" thumb_src="ss.png" track_src="mute.png"/>
		<progress xywh="2b, 37r, 2b, 15" thumb_src="btnplayslider.png" track_src="ldt.png"/>
		<bt_list xywh="3R, 4r, 27, 28" src="btnlist.png"/>
		<bt_video xywh="1,1,1,1" src=""/>
		<bt_lrc xywh="1,1,1,1" src=""/>
		<bt_option xywh="31r,4r, 27, 28" src="btnopenfile.png"/>
		<bt_fullscreen xywh="58R, 4r, 27, 28" src="btnfull.png"/>
		<title xywh="90b,5,300,19" align="center" font="Verdana" size="12" color="#CECECE" borderColor="" backgroundColor="" bold=""/>
		<status xywh="1, 1, 0, 0" bold=""/>
		<time xywh="5r, 37r, 80, 15" align="center" font="Verdana" size="9" color="#CECECE" backgroundColor="" bold=""/>
	</console>
</skin>